customerID,gender,SeniorCitizen,tenure,PhoneService,InternetService,MonthlyCharges,TotalCharges,Churn
CUST00001,Female,0,35,No,Fiber optic,68.87,2284.63,No
CUST00002,Male,0,49,Yes,DSL,88.69,3939.19,No
CUST00003,Male,0,40,Yes,No,57.12,2006.04,No
CUST00004,Female,0,3,Yes,DSL,105.38,320.58,Yes
CUST00005,Female,0,12,No,DSL,66.92,879.64,No
CUST00006,Female,0,67,No,DSL,95.09,,No
CUST00007,Male,0,5,No,Fiber optic,102.84,,Yes
CUST00008,Female,0,11,No,DSL,103.92,1171.0,Yes
CUST00009,Male,1,71,Yes,No,48.82,3924.14,No
CUST00010,Female,0,12,Yes,No,55.34,728.65,No
CUST00011,Female,0,65,No,DSL,43.28,2437.2,No
CUST00012,Female,0,61,Yes,No,47.73,2319.37,No
CUST00013,Male,0,54,Yes,DSL,94.34,4592.14,No
CUST00014,Male,0,39,No,DSL,59.28,1980.46,No
CUST00015,Female,0,1,No,Fiber optic,67.24,70.59,No
CUST00016,Male,1,59,Yes,DSL,91.97,5285.57,No
CUST00017,Male,0,8,Yes,Fiber optic,87.62,678.93,Yes
CUST00018,Female,0,27,Yes,No,37.05,1251.81,No
CUST00019,Female,0,66,No,DSL,94.74,6591.08,No
CUST00020,Female,1,15,Yes,DSL,26.87,274.49,No
CUST00021,Male,0,16,Yes,DSL,63.66,955.62,No
CUST00022,Male,1,4,No,Fiber optic,88.42,336.34,No
CUST00023,Female,0,6,No,No,60.72,327.8,No
CUST00024,Female,0,64,Yes,DSL,39.68,2328.65,No
CUST00025,Male,0,4,Yes,Fiber optic,103.7,401.11,Yes
CUST00026,Male,0,4,Yes,DSL,84.37,344.2,No
CUST00027,Female,0,33,No,No,92.86,3094.52,No
CUST00028,Female,0,10,Yes,DSL,80.38,727.0,No
CUST00029,Male,0,20,Yes,Fiber optic,53.67,1075.38,Yes
CUST00030,Female,1,22,No,DSL,27.91,484.2,No
CUST00031,Female,0,4,Yes,DSL,93.04,338.23,Yes
CUST00032,Male,0,17,Yes,DSL,76.2,1329.58,No
CUST00033,Male,0,9,Yes,Fiber optic,85.19,732.07,Yes
CUST00034,Male,0,19,No,Fiber optic,68.65,1494.06,No
CUST00035,Male,0,42,No,DSL,73.27,2995.48,No
CUST00036,Male,0,7,No,Fiber optic,63.81,458.1,No
CUST00037,Female,0,37,No,DSL,28.94,979.67,No
CUST00038,Male,0,27,Yes,Fiber optic,51.76,1431.24,No
CUST00039,Male,0,18,No,Fiber optic,65.89,1285.65,No
CUST00040,Female,0,0,Yes,No,89.49,,Yes
CUST00041,Female,0,68,No,DSL,64.93,4975.26,No
CUST00042,Female,0,6,No,Fiber optic,83.61,456.93,No
CUST00043,Male,0,27,Yes,DSL,66.88,1968.03,No
CUST00044,Male,1,63,Yes,No,77.27,5303.75,No
CUST00045,Female,0,2,No,Fiber optic,90.81,162.19,Yes
CUST00046,Female,0,66,Yes,Fiber optic,92.19,5890.08,Yes
CUST00047,Male,0,50,Yes,Fiber optic,56.81,3208.9,No
CUST00048,Female,0,13,Yes,No,62.85,820.07,No
CUST00049,Male,0,17,No,No,23.5,301.12,No
CUST00050,Male,0,71,No,No,57.65,4634.67,No
CUST00051,Female,0,39,Yes,Fiber optic,33.14,1384.43,No
CUST00052,Male,1,0,Yes,DSL,60.08,,No
CUST00053,Female,0,38,Yes,Fiber optic,39.75,1872.74,No
CUST00054,Male,1,25,Yes,No,61.14,1634.52,Yes
CUST00055,Male,0,13,Yes,Fiber optic,36.1,449.99,No
CUST00056,Female,0,37,No,DSL,98.18,3685.05,No
CUST00057,Male,1,9,Yes,DSL,63.26,641.78,Yes
CUST00058,Male,1,58,Yes,Fiber optic,25.37,1649.79,No
CUST00059,Male,0,33,No,DSL,98.31,3501.58,No
CUST00060,Male,0,37,Yes,Fiber optic,51.04,2042.88,No
CUST00061,Female,0,4,No,DSL,95.33,398.67,Yes
CUST00062,Female,0,5,Yes,Fiber optic,74.84,388.51,No
CUST00063,Female,0,43,No,DSL,26.28,1517.2,No
CUST00064,Male,1,7,No,Fiber optic,99.79,716.61,Yes
CUST00065,Male,0,6,Yes,Fiber optic,109.76,715.44,Yes
CUST00066,Male,0,7,No,DSL,80.85,599.93,Yes
CUST00067,Female,0,5,No,Fiber optic,89.0,466.97,Yes
CUST00068,Male,0,51,Yes,DSL,61.37,2998.23,No
CUST00069,Female,0,27,No,No,82.36,2005.03,No
CUST00070,Female,0,0,Yes,DSL,95.01,,Yes
CUST00071,Female,0,23,Yes,No,41.5,773.04,No
CUST00072,Male,0,65,Yes,Fiber optic,28.29,1713.46,Yes
CUST00073,Female,0,12,No,No,97.21,1254.75,No
CUST00074,Female,0,40,Yes,DSL,81.91,2957.79,No
CUST00075,Female,1,8,Yes,Fiber optic,62.98,561.33,Yes
CUST00076,Male,0,57,Yes,Fiber optic,49.02,2565.94,No
CUST00077,Male,1,37,Yes,DSL,27.72,,No
CUST00078,Female,0,38,Yes,Fiber optic,99.94,3709.88,No
CUST00079,Female,1,49,Yes,DSL,75.56,3410.62,No
CUST00080,Male,0,12,Yes,DSL,30.08,437.24,No
CUST00081,Male,1,8,No,Fiber optic,90.54,782.98,Yes
CUST00082,Male,0,5,No,Fiber optic,94.46,506.7,Yes
CUST00083,Male,0,7,Yes,Fiber optic,70.19,482.03,No
CUST00084,Female,0,30,Yes,DSL,99.81,2968.3,No
CUST00085,Female,0,6,Yes,DSL,82.8,542.79,No
CUST00086,Male,0,5,Yes,DSL,96.46,482.04,No
CUST00087,Male,0,41,Yes,DSL,45.79,1871.21,No
CUST00088,Male,0,2,No,No,82.15,170.4,No
CUST00089,Female,0,9,Yes,Fiber optic,99.3,982.24,Yes
CUST00090,Female,0,59,Yes,DSL,39.93,2162.65,No
CUST00091,Male,0,56,No,No,65.97,,No
CUST00092,Male,1,36,Yes,Fiber optic,35.9,1441.54,No
CUST00093,Female,0,36,No,Fiber optic,31.15,1234.96,No
CUST00094,Female,0,72,Yes,Fiber optic,81.97,6579.8,No
CUST00095,Male,0,57,Yes,Fiber optic,27.0,2068.51,Yes
CUST00096,Male,1,33,Yes,Fiber optic,72.02,2185.22,No
CUST00097,Male,0,10,No,Fiber optic,80.22,713.87,Yes
CUST00098,Male,0,71,No,No,66.22,,No
CUST00099,Female,0,10,Yes,DSL,104.21,1123.02,Yes
CUST00100,Male,0,37,No,Fiber optic,95.29,3529.66,Yes
CUST00101,Male,0,67,No,Fiber optic,82.17,4959.26,No
CUST00102,Male,0,10,Yes,Fiber optic,104.68,1133.11,No
CUST00103,Female,0,29,No,DSL,43.31,1090.12,No
CUST00104,Female,0,33,No,Fiber optic,21.91,995.29,Yes
CUST00105,Female,0,8,Yes,No,73.28,537.18,No
CUST00106,Male,0,20,Yes,DSL,52.64,905.79,No
CUST00107,Male,1,39,No,Fiber optic,43.18,1994.07,Yes
CUST00108,Male,1,13,Yes,No,63.09,850.72,No
CUST00109,Male,0,70,No,No,38.61,2057.54,No
CUST00110,Female,0,6,No,Fiber optic,92.81,507.04,Yes
CUST00111,Male,0,3,Yes,Fiber optic,96.76,312.3,No
CUST00112,Male,0,27,Yes,No,87.64,2248.33,No
CUST00113,Female,0,0,No,Fiber optic,65.22,,No
CUST00114,Female,1,42,No,Fiber optic,76.12,3214.23,No
CUST00115,Female,0,41,Yes,DSL,22.22,920.25,No
CUST00116,Male,0,2,No,No,67.08,135.99,No
CUST00117,Male,0,66,Yes,DSL,98.93,,No
CUST00118,Male,0,3,Yes,DSL,68.08,175.0,No
CUST00119,Female,0,6,No,DSL,96.73,563.0,No
CUST00120,Male,0,7,Yes,Fiber optic,94.6,718.94,Yes
CUST00121,Male,0,1,Yes,Fiber optic,77.7,69.17,No
CUST00122,Male,0,10,Yes,Fiber optic,89.78,882.85,No
CUST00123,Male,0,64,No,Fiber optic,26.04,1925.48,No
CUST00124,Male,0,51,Yes,DSL,28.97,1122.77,No
CUST00125,Male,0,12,Yes,Fiber optic,86.25,915.84,No
CUST00126,Female,0,12,No,Fiber optic,70.14,898.88,No
CUST00127,Male,0,5,Yes,Fiber optic,78.52,,Yes
CUST00128,Female,1,64,No,Fiber optic,75.18,5224.56,No
CUST00129,Female,1,12,No,Fiber optic,52.91,599.8,No
CUST00130,Female,0,1,Yes,No,107.37,109.27,Yes
CUST00131,Male,0,45,Yes,No,60.33,3093.44,No
CUST00132,Female,0,12,No,No,80.93,917.74,No
CUST00133,Female,0,18,Yes,Fiber optic,49.31,776.28,No
CUST00134,Female,0,15,Yes,Fiber optic,80.27,,No
CUST00135,Male,0,48,Yes,DSL,59.25,3007.13,No
CUST00136,Male,0,25,No,DSL,37.41,955.7,No
CUST00137,Male,0,5,Yes,Fiber optic,77.36,341.1,Yes
CUST00138,Female,0,0,Yes,Fiber optic,77.64,,Yes
CUST00139,Female,0,12,No,DSL,82.17,931.98,No
CUST00140,Male,0,12,Yes,DSL,63.89,692.61,No
CUST00141,Male,0,32,No,No,91.36,3164.96,No
CUST00142,Female,0,24,Yes,DSL,35.24,757.34,No
CUST00143,Male,0,57,No,No,85.35,4318.82,No
CUST00144,Male,1,35,Yes,Fiber optic,67.89,2399.46,Yes
CUST00145,Male,0,32,Yes,No,71.54,2376.86,No
CUST00146,Male,0,1,No,Fiber optic,76.15,70.44,Yes
CUST00147,Male,0,11,Yes,Fiber optic,85.51,891.47,No
CUST00148,Male,0,1,Yes,Fiber optic,103.32,111.08,Yes
CUST00149,Female,1,15,Yes,Fiber optic,54.73,858.53,No
CUST00150,Female,0,45,Yes,DSL,49.96,2267.45,No
CUST00151,Female,0,18,No,DSL,21.78,320.3,No
CUST00152,Male,0,57,No,DSL,91.26,5485.33,No
CUST00153,Female,0,38,No,Fiber optic,67.38,2424.32,No
CUST00154,Female,0,4,No,DSL,91.97,370.46,Yes
CUST00155,Male,0,5,Yes,DSL,97.56,477.55,No
CUST00156,Male,1,4,Yes,No,106.98,416.71,Yes
CUST00157,Female,0,66,No,DSL,67.98,4966.15,No
CUST00158,Male,0,69,Yes,DSL,97.62,6676.51,No
CUST00159,Male,0,18,Yes,DSL,72.13,1177.2,No
CUST00160,Male,0,5,No,Fiber optic,90.39,466.12,Yes
CUST00161,Female,0,48,Yes,Fiber optic,49.75,1991.57,Yes
CUST00162,Male,0,66,No,DSL,43.75,3213.88,No
CUST00163,Female,0,62,No,Fiber optic,41.35,2382.47,No
CUST00164,Male,1,64,Yes,DSL,28.26,2151.88,Yes
CUST00165,Female,0,43,No,DSL,37.99,1694.09,No
CUST00166,Male,0,68,No,Fiber optic,85.24,6005.27,Yes
CUST00167,Male,0,3,Yes,Fiber optic,85.06,284.52,No
CUST00168,Male,0,42,Yes,Fiber optic,45.9,2129.78,No
CUST00169,Female,0,49,Yes,DSL,85.52,4409.86,No
CUST00170,Female,1,57,Yes,DSL,44.51,2850.73,Yes
CUST00171,Female,0,34,Yes,DSL,31.23,1063.73,No
CUST00172,Male,0,4,Yes,DSL,75.36,322.74,Yes
CUST00173,Female,0,12,No,No,72.05,925.82,No
CUST00174,Female,0,18,No,Fiber optic,57.32,1201.49,No
CUST00175,Male,1,9,Yes,Fiber optic,61.57,581.64,No
CUST00176,Male,0,21,No,No,69.27,1356.9,No
CUST00177,Male,1,21,No,Fiber optic,51.15,1043.89,Yes
CUST00178,Male,0,17,No,DSL,56.25,895.2,No
CUST00179,Male,0,26,Yes,DSL,42.89,918.96,No
CUST00180,Male,0,51,Yes,No,38.84,2468.73,No
CUST00181,Male,0,60,Yes,DSL,66.09,3976.31,No
CUST00182,Male,0,53,Yes,DSL,60.46,3265.52,No
CUST00183,Female,1,14,No,Fiber optic,67.7,917.1,Yes
CUST00184,Female,1,36,No,No,98.08,3849.57,No
CUST00185,Male,0,7,No,No,71.64,546.12,No
CUST00186,Male,1,51,Yes,DSL,28.88,1169.35,Yes
CUST00187,Male,0,12,Yes,Fiber optic,70.16,869.58,Yes
CUST00188,Female,0,10,Yes,Fiber optic,107.34,1140.66,No
CUST00189,Male,0,46,Yes,No,41.49,1946.04,No
CUST00190,Female,0,29,Yes,Fiber optic,58.93,1898.77,No
CUST00191,Male,0,33,Yes,DSL,50.35,1752.85,No
CUST00192,Female,0,26,No,Fiber optic,62.95,1851.73,No
CUST00193,Male,0,11,Yes,DSL,68.66,778.69,No
CUST00194,Male,1,46,Yes,Fiber optic,70.32,3508.27,Yes
CUST00195,Female,0,6,Yes,Fiber optic,91.85,573.29,Yes
CUST00196,Male,0,12,Yes,Fiber optic,43.51,479.53,No
CUST00197,Male,0,59,No,DSL,25.94,978.58,No
CUST00198,Female,0,25,Yes,No,70.96,1893.08,No
CUST00199,Male,1,11,No,DSL,90.03,1043.12,No
CUST00200,Female,0,11,Yes,Fiber optic,61.1,747.21,Yes
CUST00201,Male,0,8,No,DSL,90.22,682.15,Yes
CUST00202,Female,0,56,No,Fiber optic,67.34,4248.55,No
CUST00203,Male,0,56,Yes,Fiber optic,76.11,4400.29,No
CUST00204,Female,0,9,Yes,DSL,96.89,937.2,No
CUST00205,Female,0,33,Yes,Fiber optic,52.53,1738.18,No
CUST00206,Female,0,17,No,Fiber optic,40.52,691.53,No
CUST00207,Female,0,41,Yes,No,64.86,2594.51,No
CUST00208,Male,0,10,No,DSL,90.06,,Yes
CUST00209,Female,0,12,No,DSL,44.64,646.38,No
CUST00210,Female,0,4,Yes,Fiber optic,91.93,374.61,Yes
CUST00211,Male,0,0,No,DSL,78.23,,Yes
CUST00212,Female,0,72,No,Fiber optic,35.63,3029.63,Yes
CUST00213,Female,0,66,Yes,DSL,60.05,4003.79,No
CUST00214,Male,0,3,No,DSL,107.83,,Yes
CUST00215,Female,0,33,No,No,44.83,1254.53,No
CUST00216,Male,0,51,Yes,Fiber optic,73.75,3902.67,Yes
CUST00217,Male,0,11,No,DSL,97.52,1104.75,Yes
CUST00218,Female,0,12,No,Fiber optic,87.36,1006.92,No
CUST00219,Male,0,60,Yes,DSL,66.63,3583.26,No
CUST00220,Male,0,70,Yes,Fiber optic,60.35,4494.55,Yes
CUST00221,Female,0,71,No,No,66.15,5251.55,No
CUST00222,Female,0,55,Yes,DSL,54.11,2819.52,No
CUST00223,Female,0,53,No,DSL,28.69,1806.01,No
CUST00224,Female,0,64,Yes,Fiber optic,21.83,1813.15,Yes
CUST00225,Female,0,41,Yes,Fiber optic,76.28,3237.2,Yes
CUST00226,Male,0,15,No,DSL,32.81,501.16,No
CUST00227,Female,0,56,Yes,No,78.41,4327.96,No
CUST00228,Male,0,56,Yes,DSL,94.13,5496.32,No
CUST00229,Male,0,61,No,Fiber optic,79.56,4293.36,No
CUST00230,Male,0,30,No,Fiber optic,50.15,1471.22,Yes
CUST00231,Female,0,9,No,Fiber optic,109.3,913.26,No
CUST00232,Male,0,35,Yes,Fiber optic,75.16,2733.97,No
CUST00233,Male,0,9,Yes,Fiber optic,88.32,743.67,Yes
CUST00234,Female,0,27,Yes,No,28.13,683.23,No
CUST00235,Female,0,12,Yes,Fiber optic,90.97,1153.45,No
CUST00236,Male,0,68,No,DSL,93.79,6854.2,No
CUST00237,Female,0,13,Yes,Fiber optic,25.23,306.28,No
CUST00238,Male,0,2,No,DSL,66.56,125.01,No
CUST00239,Male,0,3,No,Fiber optic,109.07,314.47,Yes
CUST00240,Female,1,22,Yes,No,99.79,2046.23,Yes
CUST00241,Male,0,36,Yes,Fiber optic,99.27,3399.69,No
CUST00242,Male,0,15,Yes,DSL,99.39,1379.98,No
CUST00243,Male,0,18,Yes,No,67.91,1130.24,No
CUST00244,Female,0,7,Yes,Fiber optic,83.02,537.15,No
CUST00245,Female,0,1,Yes,DSL,101.11,104.04,Yes
CUST00246,Male,0,4,Yes,Fiber optic,87.47,370.28,No
CUST00247,Female,0,51,Yes,Fiber optic,75.74,4050.03,Yes
CUST00248,Male,0,17,Yes,Fiber optic,25.77,450.29,Yes
CUST00249,Male,1,61,Yes,Fiber optic,80.95,5168.3,Yes
CUST00250,Female,1,6,Yes,DSL,67.93,352.81,No
CUST00251,Male,0,3,No,No,94.15,265.95,No
CUST00252,Female,0,14,Yes,Fiber optic,57.17,779.55,No
CUST00253,Male,0,6,Yes,Fiber optic,89.44,540.97,No
CUST00254,Male,0,7,Yes,Fiber optic,79.76,563.92,Yes
CUST00255,Male,0,10,No,DSL,98.91,891.91,Yes
CUST00256,Male,0,46,Yes,Fiber optic,23.27,901.02,Yes
CUST00257,Female,0,19,No,No,21.16,318.87,No
CUST00258,Female,0,13,No,Fiber optic,37.04,541.94,No
CUST00259,Female,1,30,Yes,Fiber optic,92.53,2973.35,Yes
CUST00260,Male,0,26,No,Fiber optic,51.77,1412.19,No
CUST00261,Male,0,63,Yes,No,87.06,6079.18,No
CUST00262,Female,0,33,Yes,Fiber optic,78.44,2265.7,No
CUST00263,Female,0,42,No,DSL,53.76,2446.22,No
CUST00264,Male,0,50,Yes,No,73.42,3294.22,No
CUST00265,Female,0,71,Yes,Fiber optic,34.85,1904.11,No
CUST00266,Male,0,9,Yes,Fiber optic,96.71,852.87,No
CUST00267,Female,0,34,No,DSL,35.52,1381.1,No
CUST00268,Male,0,54,No,Fiber optic,61.46,2926.65,No
CUST00269,Female,1,32,Yes,No,50.03,1454.6,No
CUST00270,Female,1,23,No,DSL,91.25,1972.49,No
CUST00271,Male,0,10,Yes,No,100.83,,Yes
CUST00272,Female,0,4,No,No,105.18,433.8,Yes
CUST00273,Male,0,10,Yes,Fiber optic,104.47,1036.49,Yes
CUST00274,Female,0,15,Yes,Fiber optic,34.33,396.9,No
CUST00275,Male,0,40,No,Fiber optic,23.94,890.57,No
CUST00276,Male,0,16,Yes,No,40.14,785.69,No
CUST00277,Male,0,13,Yes,No,96.05,1312.78,No
CUST00278,Female,0,7,No,DSL,105.67,756.8,Yes
CUST00279,Male,0,40,No,DSL,30.57,1468.59,No
CUST00280,Female,0,9,No,Fiber optic,79.51,749.38,Yes
CUST00281,Female,0,5,No,No,79.54,384.72,Yes
CUST00282,Female,0,28,Yes,No,79.37,2234.25,No
CUST00283,Female,0,16,Yes,DSL,50.24,845.84,No
CUST00284,Female,0,9,Yes,No,61.9,478.06,No
CUST00285,Female,0,12,Yes,Fiber optic,52.0,,Yes
CUST00286,Male,1,4,Yes,Fiber optic,106.61,458.72,No
CUST00287,Male,0,26,Yes,No,87.4,2416.12,No
CUST00288,Female,0,5,Yes,No,75.37,376.87,Yes
CUST00289,Male,0,13,No,Fiber optic,79.09,937.14,No
CUST00290,Female,0,34,Yes,Fiber optic,92.32,3450.36,Yes
CUST00291,Female,0,31,Yes,No,21.56,860.01,No
CUST00292,Female,0,2,No,No,60.32,129.84,No
CUST00293,Female,0,11,No,Fiber optic,95.41,1111.41,Yes
CUST00294,Female,0,35,No,No,88.54,3425.24,No
CUST00295,Female,0,14,Yes,No,82.28,1021.45,No
CUST00296,Male,1,6,Yes,DSL,96.43,548.73,Yes
CUST00297,Male,0,66,No,DSL,35.88,1923.39,No
CUST00298,Female,1,52,No,DSL,28.14,1239.81,Yes
CUST00299,Male,0,5,Yes,DSL,76.76,420.69,No
CUST00300,Female,1,8,No,Fiber optic,105.26,769.77,Yes
CUST00301,Female,0,10,Yes,DSL,68.12,,No
CUST00302,Female,1,54,Yes,DSL,63.68,3467.06,Yes
CUST00303,Male,0,39,No,Fiber optic,89.51,3563.19,No
CUST00304,Male,0,62,No,Fiber optic,32.85,1794.94,No
CUST00305,Male,0,0,No,DSL,81.69,,Yes
CUST00306,Male,0,26,No,DSL,33.46,1128.08,No
CUST00307,Female,0,7,Yes,Fiber optic,86.48,573.16,No
CUST00308,Male,0,48,Yes,No,51.2,2141.58,No
CUST00309,Male,1,13,Yes,Fiber optic,27.88,436.19,Yes
CUST00310,Male,0,72,Yes,Fiber optic,98.7,6670.57,No
CUST00311,Female,0,10,No,Fiber optic,63.03,674.83,No
CUST00312,Male,0,69,No,DSL,28.53,1435.45,No
CUST00313,Female,0,67,Yes,Fiber optic,55.26,,No
CUST00314,Female,0,0,No,DSL,99.36,,Yes
CUST00315,Male,0,25,Yes,No,65.53,1859.84,No
CUST00316,Male,0,1,No,No,102.6,107.98,Yes
CUST00317,Female,0,53,No,DSL,99.65,5654.17,No
CUST00318,Male,1,71,Yes,DSL,25.71,1915.46,No
CUST00319,Male,0,27,No,DSL,98.62,2720.87,No
CUST00320,Female,1,35,Yes,Fiber optic,69.35,2384.74,Yes
CUST00321,Female,1,9,No,Fiber optic,70.36,670.87,Yes
CUST00322,Female,0,2,Yes,No,63.73,123.33,No
CUST00323,Male,0,38,No,DSL,84.16,3034.81,No
CUST00324,Male,0,59,Yes,DSL,50.63,2630.92,No
CUST00325,Male,1,56,Yes,DSL,46.83,2721.63,Yes
CUST00326,Male,1,14,No,No,98.53,1449.54,No
CUST00327,Male,0,2,Yes,DSL,93.92,182.06,Yes
CUST00328,Male,0,46,No,Fiber optic,77.4,3464.12,No
CUST00329,Male,0,60,Yes,DSL,95.55,6107.9,No
CUST00330,Male,0,11,No,Fiber optic,105.6,1184.5,Yes
CUST00331,Male,1,12,Yes,No,39.11,437.56,No
CUST00332,Male,0,32,No,DSL,74.55,2349.73,No
CUST00333,Female,0,14,No,DSL,85.63,1158.67,No
CUST00334,Female,0,10,Yes,DSL,89.06,861.26,No
CUST00335,Female,0,4,No,Fiber optic,85.99,331.61,Yes
CUST00336,Male,0,39,Yes,No,71.42,2516.94,No
CUST00337,Male,0,21,No,DSL,30.52,808.9,No
CUST00338,Male,0,10,No,DSL,105.23,1134.54,Yes
CUST00339,Male,0,27,No,DSL,54.76,1574.41,No
CUST00340,Male,0,39,Yes,Fiber optic,44.31,1623.42,Yes
CUST00341,Male,0,22,No,Fiber optic,28.09,655.37,Yes
CUST00342,Male,0,11,Yes,DSL,100.87,1128.84,No
CUST00343,Male,0,10,No,DSL,69.29,623.0,No
CUST00344,Male,0,10,No,DSL,70.11,764.57,Yes
CUST00345,Male,0,18,Yes,Fiber optic,82.4,1389.16,Yes
CUST00346,Female,0,58,No,No,30.02,1180.56,No
CUST00347,Male,0,15,No,DSL,55.92,942.64,No
CUST00348,Male,0,37,No,DSL,80.87,2713.91,No
CUST00349,Female,0,7,Yes,Fiber optic,75.59,591.15,Yes
CUST00350,Male,0,2,No,DSL,98.43,185.32,No
CUST00351,Male,0,7,Yes,Fiber optic,70.17,452.48,Yes
CUST00352,Female,0,56,Yes,Fiber optic,28.85,2031.82,Yes
CUST00353,Female,0,56,No,DSL,65.94,3553.81,No
CUST00354,Male,0,72,Yes,Fiber optic,42.88,3023.88,No
CUST00355,Male,0,8,No,Fiber optic,65.2,595.72,No
CUST00356,Male,1,1,No,Fiber optic,93.96,94.87,Yes
CUST00357,Female,0,72,No,No,61.12,4511.12,No
CUST00358,Female,0,68,No,DSL,47.72,2648.9,No
CUST00359,Female,0,4,Yes,Fiber optic,76.59,339.53,Yes
CUST00360,Female,0,6,No,DSL,83.19,455.45,Yes
CUST00361,Male,0,24,No,DSL,89.69,2018.55,No
CUST00362,Male,0,2,Yes,No,77.39,,No
CUST00363,Male,0,62,No,No,35.41,2329.52,No
CUST00364,Female,1,15,No,DSL,21.13,391.27,Yes
CUST00365,Female,1,26,No,DSL,68.64,1755.28,Yes
CUST00366,Male,0,19,Yes,Fiber optic,36.61,722.67,Yes
CUST00367,Male,0,41,No,No,66.6,2382.88,No
CUST00368,Male,0,9,Yes,Fiber optic,69.18,607.24,No
CUST00369,Male,0,15,No,Fiber optic,96.18,1414.45,No
CUST00370,Male,0,60,No,DSL,79.44,4592.39,No
CUST00371,Female,0,13,Yes,DSL,80.52,1041.39,No
CUST00372,Male,0,61,No,Fiber optic,86.71,5016.5,Yes
CUST00373,Female,0,14,Yes,No,71.32,1028.91,No
CUST00374,Female,0,54,Yes,Fiber optic,32.28,1205.66,Yes
CUST00375,Male,0,8,Yes,DSL,104.73,825.56,No
CUST00376,Female,0,31,Yes,DSL,49.05,1235.23,No
CUST00377,Female,1,5,No,DSL,91.37,475.44,Yes
CUST00378,Female,0,54,No,DSL,89.36,4435.78,No
CUST00379,Female,0,28,Yes,Fiber optic,89.12,2216.34,Yes
CUST00380,Male,0,18,Yes,Fiber optic,69.2,1360.24,No
CUST00381,Female,0,12,No,DSL,23.07,195.93,No
CUST00382,Male,0,12,Yes,DSL,62.87,678.02,No
CUST00383,Male,0,31,Yes,Fiber optic,89.03,2670.94,Yes
CUST00384,Female,0,69,Yes,No,98.58,7112.96,No
CUST00385,Female,0,35,No,No,21.82,495.58,No
CUST00386,Female,0,16,No,Fiber optic,93.33,1555.75,No
CUST00387,Male,0,62,No,Fiber optic,89.93,5852.82,No
CUST00388,Female,1,32,Yes,Fiber optic,48.5,1543.55,No
CUST00389,Male,0,34,Yes,DSL,52.88,1720.91,No
CUST00390,Male,0,11,No,DSL,78.74,901.61,No
CUST00391,Female,0,9,Yes,DSL,98.8,938.19,No
CUST00392,Female,0,1,No,DSL,69.3,65.18,No
CUST00393,Male,0,5,Yes,DSL,108.38,523.85,Yes
CUST00394,Female,1,66,No,Fiber optic,46.02,2975.8,Yes
CUST00395,Male,1,0,Yes,Fiber optic,95.11,,No
CUST00396,Male,0,69,Yes,Fiber optic,44.74,2482.93,No
CUST00397,Male,0,2,No,DSL,68.35,119.97,No
CUST00398,Female,0,3,No,Fiber optic,109.79,319.39,Yes
CUST00399,Male,0,54,No,DSL,82.25,4832.98,No
CUST00400,Male,0,50,No,DSL,62.4,2922.4,No
CUST00401,Female,0,72,Yes,Fiber optic,76.75,,Yes
CUST00402,Female,0,11,Yes,DSL,102.37,1023.46,No
CUST00403,Female,1,10,Yes,DSL,71.6,709.87,Yes
CUST00404,Male,1,62,Yes,Fiber optic,22.36,1923.84,No
CUST00405,Female,1,4,No,DSL,88.09,339.43,Yes
CUST00406,Male,1,23,Yes,DSL,45.6,1224.78,No
CUST00407,Female,1,29,No,DSL,23.78,,No
CUST00408,Male,0,71,No,DSL,97.79,6689.96,No
CUST00409,Female,1,7,No,DSL,84.14,651.38,No
CUST00410,Female,0,3,Yes,Fiber optic,99.56,293.12,No
CUST00411,Female,0,33,No,Fiber optic,45.12,1740.32,Yes
CUST00412,Male,1,48,Yes,Fiber optic,49.88,2217.65,No
CUST00413,Female,0,41,Yes,Fiber optic,89.19,3874.48,No
CUST00414,Female,1,9,No,DSL,84.57,742.98,Yes
CUST00415,Male,1,7,No,No,103.8,748.12,Yes
CUST00416,Female,0,60,No,Fiber optic,94.64,5921.95,No
CUST00417,Female,0,39,Yes,No,67.47,2687.51,No
CUST00418,Female,1,0,Yes,No,78.68,,No
CUST00419,Male,0,65,No,Fiber optic,68.48,4748.08,Yes
CUST00420,Male,0,12,Yes,DSL,70.66,903.95,No
CUST00421,Male,0,10,Yes,DSL,106.27,1066.19,No
CUST00422,Female,1,57,Yes,DSL,77.59,,No
CUST00423,Male,0,9,No,No,86.79,747.02,No
CUST00424,Male,0,10,No,DSL,81.74,775.48,Yes
CUST00425,Female,0,34,No,No,86.38,2736.95,No
CUST00426,Male,0,70,No,DSL,73.97,4764.75,No
CUST00427,Male,1,23,No,DSL,35.96,926.24,No
CUST00428,Female,0,44,No,No,23.84,805.68,No
CUST00429,Male,1,1,No,No,81.52,88.31,Yes
CUST00430,Female,1,49,No,DSL,77.54,3366.0,No
CUST00431,Male,0,14,Yes,DSL,26.36,505.73,No
CUST00432,Female,1,33,Yes,No,50.3,1487.16,No
CUST00433,Male,1,64,No,DSL,84.0,5314.93,No
CUST00434,Female,1,21,Yes,DSL,86.8,1864.57,No
CUST00435,Male,0,10,No,No,79.88,773.89,Yes
CUST00436,Female,1,14,Yes,DSL,25.07,444.37,No
CUST00437,Female,0,65,No,No,83.1,5760.87,No
CUST00438,Male,1,7,Yes,DSL,81.03,542.44,Yes
CUST00439,Female,0,20,No,No,45.86,884.39,No
CUST00440,Male,0,6,No,Fiber optic,102.9,630.51,No
CUST00441,Female,0,10,Yes,DSL,108.61,,Yes
CUST00442,Female,0,17,No,Fiber optic,75.34,1416.61,No
CUST00443,Male,1,9,Yes,DSL,90.27,831.35,Yes
CUST00444,Male,0,0,Yes,DSL,84.4,,Yes
CUST00445,Male,1,58,No,DSL,38.71,1728.42,No
CUST00446,Female,1,65,No,DSL,31.34,1456.76,Yes
CUST00447,Female,0,56,Yes,Fiber optic,48.41,2909.86,No
CUST00448,Female,0,7,Yes,Fiber optic,74.69,486.68,No
CUST00449,Male,0,70,Yes,DSL,34.79,2613.29,No
CUST00450,Male,0,22,Yes,DSL,73.41,1546.23,No
CUST00451,Female,1,28,Yes,DSL,76.05,2132.2,No
CUST00452,Male,0,56,Yes,Fiber optic,39.86,2420.36,No
CUST00453,Female,0,51,No,Fiber optic,81.58,4490.52,Yes
CUST00454,Female,0,31,No,Fiber optic,62.87,2053.87,No
CUST00455,Female,0,0,No,Fiber optic,102.13,,No
CUST00456,Female,0,61,No,Fiber optic,57.55,3896.82,Yes
CUST00457,Male,0,38,Yes,DSL,73.52,2435.51,No
CUST00458,Male,1,40,No,DSL,77.97,,Yes
CUST00459,Female,0,9,No,Fiber optic,109.25,968.69,Yes
CUST00460,Male,0,7,Yes,Fiber optic,64.6,397.14,Yes
CUST00461,Female,0,2,No,DSL,71.2,144.21,No
CUST00462,Male,0,6,No,Fiber optic,63.72,375.48,Yes
CUST00463,Male,1,55,No,No,44.06,2795.41,No
CUST00464,Female,0,60,No,DSL,24.33,,No
CUST00465,Female,0,11,No,DSL,107.98,1133.65,No
CUST00466,Female,0,63,Yes,Fiber optic,33.82,2309.56,No
CUST00467,Female,1,19,No,DSL,77.83,1558.78,No
CUST00468,Male,0,5,Yes,DSL,89.22,483.03,No
CUST00469,Female,0,10,Yes,DSL,77.48,751.54,Yes
CUST00470,Female,1,67,No,Fiber optic,62.63,4176.96,No
CUST00471,Female,0,4,No,No,89.89,397.21,Yes
CUST00472,Female,0,36,No,DSL,94.13,3101.23,No
CUST00473,Female,1,60,No,DSL,45.38,,No
CUST00474,Male,1,3,Yes,DSL,78.1,250.04,Yes
CUST00475,Female,0,55,No,No,47.22,3125.39,No
CUST00476,Female,0,4,No,DSL,88.68,385.71,Yes
CUST00477,Female,1,15,Yes,DSL,20.12,447.64,No
CUST00478,Male,1,46,No,Fiber optic,31.86,1085.98,Yes
CUST00479,Male,0,2,Yes,DSL,102.62,212.05,No
CUST00480,Male,0,3,No,Fiber optic,99.7,274.96,Yes
CUST00481,Female,0,66,No,Fiber optic,56.02,3397.24,No
CUST00482,Female,0,29,Yes,Fiber optic,49.23,1236.57,Yes
CUST00483,Female,1,9,No,DSL,102.0,862.84,No
CUST00484,Female,0,4,No,DSL,79.59,307.41,No
CUST00485,Male,1,11,Yes,Fiber optic,71.04,859.8,No
CUST00486,Male,0,30,No,DSL,59.73,2053.33,No
CUST00487,Female,0,23,Yes,No,79.77,,No
CUST00488,Female,0,5,Yes,DSL,63.0,270.52,No
CUST00489,Male,0,16,Yes,Fiber optic,53.49,897.82,Yes
CUST00490,Female,1,18,No,No,58.2,956.05,Yes
CUST00491,Male,0,0,Yes,DSL,78.25,,No
CUST00492,Male,0,63,No,No,34.41,2491.65,No
CUST00493,Male,0,10,Yes,Fiber optic,82.69,918.2,Yes
CUST00494,Male,0,7,No,DSL,83.45,567.25,Yes
CUST00495,Female,0,42,Yes,No,91.54,3785.93,No
CUST00496,Female,1,7,Yes,DSL,109.36,829.64,No
CUST00497,Female,1,9,Yes,DSL,98.71,925.09,Yes
CUST00498,Male,0,22,Yes,Fiber optic,21.09,356.65,No
CUST00499,Male,1,48,Yes,Fiber optic,48.99,2343.99,No
CUST00500,Male,0,69,Yes,No,42.0,2979.22,No
CUST00501,Female,0,45,Yes,DSL,70.14,2955.76,No
CUST00502,Female,0,10,Yes,No,67.51,609.33,No
CUST00503,Female,0,3,No,DSL,70.86,212.04,No
CUST00504,Female,0,8,Yes,DSL,97.03,716.74,Yes
CUST00505,Male,0,28,No,Fiber optic,57.01,1762.84,No
CUST00506,Female,0,9,Yes,DSL,89.13,774.71,No
CUST00507,Female,1,65,No,No,99.42,6433.17,Yes
CUST00508,Male,0,0,Yes,Fiber optic,94.34,,Yes
CUST00509,Male,0,31,No,No,39.0,1291.22,No
CUST00510,Female,0,1,Yes,Fiber optic,83.84,75.93,No
CUST00511,Male,0,9,No,DSL,83.4,789.94,No
CUST00512,Female,0,9,Yes,Fiber optic,109.14,905.4,No
CUST00513,Male,1,51,No,DSL,85.85,4313.06,No
CUST00514,Female,0,64,Yes,Fiber optic,57.43,3150.14,No
CUST00515,Male,0,8,No,DSL,66.35,511.87,No
CUST00516,Male,0,37,No,No,58.7,1914.12,No
CUST00517,Female,0,16,No,Fiber optic,21.21,253.3,Yes
CUST00518,Female,0,60,Yes,DSL,97.16,5887.73,No
CUST00519,Male,0,36,No,DSL,47.69,1537.64,No
CUST00520,Male,0,24,Yes,Fiber optic,96.28,2517.88,No
CUST00521,Female,1,57,No,Fiber optic,48.8,2974.94,Yes
CUST00522,Female,0,1,No,Fiber optic,93.15,,Yes
CUST00523,Female,1,12,Yes,Fiber optic,31.45,494.05,No
CUST00524,Female,0,67,Yes,Fiber optic,91.42,6000.97,No
CUST00525,Female,0,5,No,Fiber optic,92.46,471.93,Yes
CUST00526,Female,0,68,Yes,No,62.91,4407.41,No
CUST00527,Female,0,46,Yes,DSL,80.94,4050.7,No
CUST00528,Male,0,45,No,Fiber optic,99.46,4291.98,No
CUST00529,Female,0,3,No,No,93.34,252.07,Yes
CUST00530,Female,0,28,Yes,DSL,64.34,1521.79,No
CUST00531,Female,1,36,Yes,DSL,80.48,3067.83,Yes
CUST00532,Male,0,10,No,No,69.47,780.01,No
CUST00533,Male,0,20,Yes,DSL,35.8,851.79,No
CUST00534,Female,1,13,No,DSL,71.27,1035.55,No
CUST00535,Male,0,26,Yes,DSL,80.36,2239.91,No
CUST00536,Female,0,40,Yes,Fiber optic,84.12,3608.03,No
CUST00537,Female,1,69,No,Fiber optic,81.72,6143.08,Yes
CUST00538,Male,0,15,Yes,Fiber optic,59.36,,No
CUST00539,Female,0,27,Yes,DSL,74.55,1920.73,No
CUST00540,Male,0,29,No,DSL,85.42,,No
CUST00541,Male,0,15,Yes,No,35.32,495.93,No
CUST00542,Female,0,66,Yes,Fiber optic,73.94,5278.64,No
CUST00543,Female,0,45,Yes,No,22.54,1159.45,No
CUST00544,Female,0,46,No,Fiber optic,45.61,2519.38,Yes
CUST00545,Female,0,72,No,No,51.91,3338.61,No
CUST00546,Female,0,16,No,Fiber optic,94.9,1649.54,No
CUST00547,Male,1,49,No,Fiber optic,50.93,2294.94,No
CUST00548,Female,1,47,No,DSL,76.4,3828.51,No
CUST00549,Female,0,61,Yes,No,77.08,4448.17,No
CUST00550,Male,0,7,Yes,DSL,109.92,810.84,Yes
CUST00551,Female,0,50,No,DSL,98.87,4959.9,No
CUST00552,Male,0,57,Yes,DSL,63.53,,No
CUST00553,Female,0,5,No,Fiber optic,70.14,380.27,Yes
CUST00554,Female,0,29,Yes,DSL,71.66,2300.5,No
CUST00555,Male,0,55,Yes,Fiber optic,84.71,5034.83,Yes
CUST00556,Male,0,5,No,Fiber optic,90.85,,No
CUST00557,Female,0,8,Yes,Fiber optic,90.7,743.7,Yes
CUST00558,Male,1,3,Yes,Fiber optic,73.75,229.27,Yes
CUST00559,Female,0,12,Yes,No,70.4,856.54,No
CUST00560,Female,0,2,No,DSL,92.2,197.6,Yes
CUST00561,Male,0,33,No,Fiber optic,89.78,3225.42,No
CUST00562,Female,0,51,No,No,41.27,2101.6,No
CUST00563,Male,1,39,No,Fiber optic,91.64,3280.45,No
CUST00564,Male,0,38,No,Fiber optic,82.54,3282.52,No
CUST00565,Female,1,31,Yes,Fiber optic,48.64,1801.25,No
CUST00566,Male,0,48,No,No,56.29,,No
CUST00567,Male,0,50,Yes,DSL,71.62,3668.18,No
CUST00568,Male,0,71,No,No,83.77,6054.6,No
CUST00569,Male,0,45,No,No,38.39,1858.97,No
CUST00570,Male,0,36,Yes,Fiber optic,43.73,1259.88,No
CUST00571,Male,0,65,Yes,Fiber optic,86.93,5130.5,No
CUST00572,Male,0,16,No,No,32.85,,No
CUST00573,Female,0,59,Yes,No,53.3,3191.02,No
CUST00574,Male,0,5,No,No,80.73,413.39,Yes
CUST00575,Male,0,2,No,Fiber optic,65.34,123.01,No
CUST00576,Female,0,7,No,No,61.06,485.49,No
CUST00577,Female,0,8,Yes,DSL,91.93,659.19,Yes
CUST00578,Female,0,66,No,Fiber optic,61.05,4624.13,Yes
CUST00579,Male,0,60,No,DSL,85.95,5220.76,No
CUST00580,Male,0,11,No,Fiber optic,96.3,961.96,No
CUST00581,Female,1,41,No,DSL,73.96,2702.57,No
CUST00582,Female,0,72,No,No,91.57,7190.45,No
CUST00583,Male,0,0,No,Fiber optic,67.81,,No
CUST00584,Male,0,31,No,DSL,88.15,2683.61,No
CUST00585,Female,1,33,Yes,DSL,86.14,2813.77,No
CUST00586,Female,0,5,Yes,Fiber optic,64.71,300.21,No
CUST00587,Male,0,0,Yes,DSL,74.92,,No
CUST00588,Male,0,15,No,Fiber optic,76.59,1155.08,Yes
CUST00589,Male,0,11,No,DSL,62.94,623.82,No
CUST00590,Female,0,21,No,Fiber optic,82.38,1894.74,No
CUST00591,Male,0,3,No,DSL,74.6,245.76,Yes
CUST00592,Female,0,20,No,Fiber optic,44.11,,No
CUST00593,Male,0,33,No,Fiber optic,33.78,1169.5,No
CUST00594,Female,0,9,Yes,Fiber optic,68.23,655.52,Yes
CUST00595,Female,0,45,No,DSL,20.92,1170.34,No
CUST00596,Female,0,65,No,Fiber optic,29.61,1859.51,No
CUST00597,Male,0,12,Yes,No,59.7,712.24,No
CUST00598,Male,1,8,No,DSL,87.1,737.7,Yes
CUST00599,Female,1,36,Yes,Fiber optic,24.37,793.31,No
CUST00600,Female,0,1,No,Fiber optic,99.17,91.23,No
CUST00601,Male,0,8,Yes,DSL,73.58,639.6,No
CUST00602,Female,0,24,Yes,No,84.47,2118.85,No
CUST00603,Male,0,12,Yes,Fiber optic,42.58,486.5,No
CUST00604,Female,0,32,Yes,No,25.88,1048.87,No
CUST00605,Male,1,7,Yes,Fiber optic,70.48,436.13,Yes
CUST00606,Female,0,8,Yes,No,60.12,,No
CUST00607,Female,0,57,No,Fiber optic,40.61,2056.29,Yes
CUST00608,Female,0,38,No,No,84.75,3033.21,No
CUST00609,Male,1,4,No,DSL,69.65,294.43,No
CUST00610,Male,1,8,No,DSL,97.31,848.07,Yes
CUST00611,Female,0,26,No,DSL,77.14,2031.28,No
CUST00612,Female,1,13,No,DSL,69.65,,No
CUST00613,Male,0,14,Yes,DSL,87.02,1271.88,No
CUST00614,Female,0,12,No,Fiber optic,65.28,803.46,No
CUST00615,Male,0,19,No,DSL,69.19,1126.29,No
CUST00616,Male,1,4,No,No,90.87,342.29,No
CUST00617,Male,1,8,No,Fiber optic,90.67,746.98,No
CUST00618,Male,0,36,Yes,DSL,87.39,2814.1,No
CUST00619,Female,0,21,Yes,DSL,65.01,1253.28,No
CUST00620,Male,0,24,No,DSL,82.24,2128.24,No
CUST00621,Female,0,28,Yes,Fiber optic,26.14,577.51,Yes
CUST00622,Female,0,10,No,Fiber optic,80.36,795.75,Yes
CUST00623,Male,1,12,Yes,Fiber optic,56.77,690.75,No
CUST00624,Female,0,41,No,Fiber optic,47.62,2209.89,No
CUST00625,Male,1,50,No,Fiber optic,31.87,1864.65,Yes
CUST00626,Female,0,5,No,No,76.63,351.15,No
CUST00627,Male,0,56,Yes,DSL,43.12,2595.32,No
CUST00628,Male,0,13,Yes,Fiber optic,68.25,973.45,No
CUST00629,Male,1,26,Yes,No,83.36,,No
CUST00630,Female,0,58,No,DSL,59.08,3653.96,No
CUST00631,Male,0,22,Yes,No,75.54,1581.84,No
CUST00632,Female,1,53,Yes,DSL,90.45,5010.82,No
CUST00633,Male,0,8,Yes,DSL,85.14,654.32,Yes
CUST00634,Male,0,12,Yes,DSL,47.6,527.93,No
CUST00635,Male,0,3,Yes,DSL,106.84,291.49,Yes
CUST00636,Male,0,49,Yes,No,86.08,3974.57,No
CUST00637,Male,0,60,No,Fiber optic,50.05,2603.03,Yes
CUST00638,Male,0,64,No,DSL,31.35,2283.66,No
CUST00639,Female,0,23,No,No,22.25,,No
CUST00640,Female,0,41,No,DSL,72.26,2943.24,No
CUST00641,Male,0,9,No,No,68.53,531.27,No
CUST00642,Female,0,57,No,Fiber optic,48.65,3083.75,No
CUST00643,Male,0,21,No,DSL,34.13,815.06,No
CUST00644,Female,0,10,Yes,DSL,61.54,603.19,No
CUST00645,Male,0,1,Yes,DSL,97.87,99.57,Yes
CUST00646,Female,0,60,Yes,DSL,86.94,5775.07,No
CUST00647,Female,0,6,Yes,Fiber optic,78.93,469.99,Yes
CUST00648,Male,1,0,Yes,DSL,62.49,,Yes
CUST00649,Male,0,21,No,Fiber optic,62.15,1159.81,No
CUST00650,Male,0,7,No,DSL,63.67,507.66,No
CUST00651,Male,0,67,No,DSL,91.77,5946.98,No
CUST00652,Female,1,19,No,Fiber optic,34.82,562.52,Yes
CUST00653,Female,0,4,Yes,No,74.81,334.0,Yes
CUST00654,Female,0,36,Yes,DSL,84.88,3100.96,No
CUST00655,Female,1,12,No,No,50.05,679.75,No
CUST00656,Male,0,33,Yes,Fiber optic,35.5,1098.63,No
CUST00657,Male,0,66,No,DSL,41.92,2435.64,No
CUST00658,Male,1,5,Yes,DSL,61.9,272.29,No
CUST00659,Female,0,10,No,DSL,97.57,1046.02,Yes
CUST00660,Female,1,34,No,DSL,83.4,2499.49,Yes
CUST00661,Female,0,28,No,Fiber optic,34.74,1113.06,No
CUST00662,Female,0,61,Yes,DSL,38.93,2956.49,No
CUST00663,Male,0,0,Yes,DSL,86.69,,No
CUST00664,Male,0,1,No,Fiber optic,92.49,94.38,Yes
CUST00665,Male,0,5,Yes,DSL,77.4,434.48,Yes
CUST00666,Male,0,17,No,DSL,98.77,1728.8,No
CUST00667,Male,0,35,Yes,No,66.62,2285.12,No
CUST00668,Male,1,69,No,DSL,69.64,4634.77,No
CUST00669,Male,0,50,No,Fiber optic,63.32,,No
CUST00670,Female,0,28,No,No,84.85,,No
CUST00671,Female,0,66,No,DSL,74.71,4283.53,No
CUST00672,Female,1,57,No,No,80.72,4693.45,No
CUST00673,Female,0,33,No,DSL,73.91,2613.02,No
CUST00674,Female,0,33,Yes,No,96.54,2967.79,No
CUST00675,Female,0,19,No,No,31.15,709.02,No
CUST00676,Female,1,48,No,Fiber optic,64.49,3419.58,No
CUST00677,Female,1,5,Yes,DSL,98.87,489.63,No
CUST00678,Male,0,24,No,Fiber optic,59.17,1526.87,No
CUST00679,Male,1,56,Yes,Fiber optic,22.53,1029.07,No
CUST00680,Female,1,39,Yes,No,81.65,2887.24,No
CUST00681,Male,1,20,Yes,Fiber optic,58.98,1081.11,No
CUST00682,Male,0,34,No,DSL,69.36,2147.41,No
CUST00683,Female,0,65,No,Fiber optic,39.73,2783.17,Yes
CUST00684,Female,0,66,No,DSL,77.48,5162.04,No
CUST00685,Female,1,71,No,Fiber optic,34.81,2914.23,No
CUST00686,Male,1,0,Yes,Fiber optic,74.85,,Yes
CUST00687,Male,0,21,Yes,DSL,33.94,754.61,No
CUST00688,Female,0,6,Yes,DSL,72.02,380.17,No
CUST00689,Female,0,29,No,Fiber optic,34.24,705.26,Yes
CUST00690,Male,1,4,Yes,DSL,71.43,313.58,Yes
CUST00691,Male,0,6,Yes,DSL,68.93,357.79,No
CUST00692,Female,0,9,No,DSL,67.55,587.97,No
CUST00693,Female,1,14,Yes,Fiber optic,92.49,1365.32,No
CUST00694,Male,0,34,Yes,Fiber optic,90.81,3077.99,No
CUST00695,Female,0,56,Yes,No,87.67,5254.1,No
CUST00696,Female,0,0,Yes,Fiber optic,80.98,,Yes
CUST00697,Male,1,31,No,DSL,43.52,1537.01,Yes
CUST00698,Male,1,23,Yes,Fiber optic,69.86,1585.95,Yes
CUST00699,Male,0,9,Yes,DSL,74.62,625.14,Yes
CUST00700,Female,1,0,No,Fiber optic,86.69,,Yes
CUST00701,Female,0,61,Yes,No,36.73,1945.57,No
CUST00702,Female,0,51,Yes,DSL,58.86,2948.12,No
CUST00703,Male,0,6,Yes,DSL,62.53,424.82,No
CUST00704,Male,0,12,Yes,Fiber optic,46.2,529.25,No
CUST00705,Male,0,5,Yes,DSL,101.56,537.09,Yes
CUST00706,Female,1,6,Yes,DSL,63.63,362.6,Yes
CUST00707,Female,0,67,No,Fiber optic,79.41,5666.94,No
CUST00708,Male,0,38,Yes,Fiber optic,23.28,845.86,Yes
CUST00709,Male,0,10,No,DSL,108.5,1058.25,No
CUST00710,Female,0,34,No,No,56.85,2091.92,No
CUST00711,Male,0,55,Yes,Fiber optic,73.76,4262.99,Yes
CUST00712,Female,0,21,Yes,Fiber optic,47.62,898.92,Yes
CUST00713,Male,0,69,No,Fiber optic,36.15,2365.67,No
CUST00714,Male,0,5,No,Fiber optic,85.55,401.38,No
CUST00715,Female,0,9,No,DSL,60.34,532.11,No
CUST00716,Female,0,12,Yes,Fiber optic,49.18,529.43,No
CUST00717,Male,0,63,Yes,Fiber optic,39.45,3070.63,Yes
CUST00718,Female,0,29,Yes,DSL,25.48,,No
CUST00719,Male,0,8,No,DSL,68.26,563.2,No
CUST00720,Male,1,10,Yes,DSL,76.18,851.82,Yes
CUST00721,Female,0,61,No,Fiber optic,87.24,5727.66,No
CUST00722,Male,0,66,Yes,Fiber optic,28.1,1495.74,No
CUST00723,Male,0,11,No,DSL,108.51,1213.53,No
CUST00724,Male,0,49,No,No,80.03,3506.27,No
CUST00725,Female,0,5,No,DSL,88.14,480.76,No
CUST00726,Male,1,42,No,No,73.99,3187.14,No
CUST00727,Male,0,46,No,DSL,64.22,3127.35,No
CUST00728,Male,0,8,No,Fiber optic,73.05,640.39,Yes
CUST00729,Female,0,7,Yes,DSL,104.19,666.42,No
CUST00730,Female,0,64,Yes,No,58.14,4355.97,No
CUST00731,Female,1,43,No,Fiber optic,92.65,4405.98,No
CUST00732,Male,0,17,Yes,DSL,77.88,1335.23,No
CUST00733,Male,0,9,Yes,No,87.05,726.36,No
CUST00734,Female,0,23,No,No,56.34,1173.73,No
CUST00735,Female,1,57,No,Fiber optic,63.71,3634.03,Yes
CUST00736,Female,0,41,No,DSL,32.41,1250.11,No
CUST00737,Female,0,8,No,DSL,86.09,745.94,Yes
CUST00738,Female,1,72,No,Fiber optic,57.04,3501.74,Yes
CUST00739,Female,0,17,No,No,80.1,1288.46,No
CUST00740,Male,0,57,Yes,No,53.19,2878.12,No
CUST00741,Male,0,7,Yes,No,80.02,565.11,Yes
CUST00742,Female,0,29,No,DSL,97.64,2790.35,No
CUST00743,Female,0,12,Yes,Fiber optic,29.47,,No
CUST00744,Female,0,8,No,DSL,65.66,588.13,No
CUST00745,Male,1,4,No,Fiber optic,67.21,259.55,No
CUST00746,Female,0,17,No,Fiber optic,92.13,1644.28,No
CUST00747,Male,0,26,Yes,Fiber optic,52.82,1496.55,No
CUST00748,Female,0,68,No,DSL,62.58,3774.99,No
CUST00749,Male,0,38,No,Fiber optic,93.1,3627.7,No
CUST00750,Male,1,29,No,No,85.67,2375.83,Yes
CUST00751,Male,0,18,No,No,51.28,800.9,No
CUST00752,Female,0,62,No,Fiber optic,91.54,5131.29,No
CUST00753,Male,0,36,No,DSL,41.67,1824.28,No
CUST00754,Female,1,64,No,DSL,23.77,1954.0,No
CUST00755,Male,0,3,Yes,Fiber optic,60.12,208.76,No
CUST00756,Male,0,7,Yes,DSL,89.18,692.13,No
CUST00757,Male,0,6,Yes,No,78.34,,Yes
CUST00758,Male,1,10,No,Fiber optic,89.66,834.27,Yes
CUST00759,Male,1,9,Yes,Fiber optic,94.34,878.54,No
CUST00760,Male,0,12,No,Fiber optic,61.93,678.68,No
CUST00761,Female,0,53,Yes,Fiber optic,22.93,1202.69,No
CUST00762,Female,1,38,Yes,Fiber optic,20.68,449.27,Yes
CUST00763,Male,0,56,No,DSL,38.68,2142.38,No
CUST00764,Female,0,7,No,DSL,93.26,629.75,Yes
CUST00765,Female,0,51,No,No,92.89,4251.58,No
CUST00766,Female,0,54,No,DSL,34.05,1329.12,No
CUST00767,Male,0,0,No,Fiber optic,74.41,,Yes
CUST00768,Female,1,19,No,No,88.14,1635.65,No
CUST00769,Female,0,3,No,DSL,109.73,339.17,Yes
CUST00770,Female,0,51,No,No,54.96,3217.81,No
CUST00771,Female,0,22,No,Fiber optic,36.01,831.55,No
CUST00772,Male,0,21,No,Fiber optic,46.31,975.55,Yes
CUST00773,Male,1,19,No,Fiber optic,47.25,1057.71,Yes
CUST00774,Male,0,12,Yes,No,32.74,464.46,No
CUST00775,Female,0,1,No,No,99.47,90.6,No
CUST00776,Female,1,17,No,Fiber optic,60.36,1002.01,No
CUST00777,Female,0,19,No,DSL,77.71,1609.72,No
CUST00778,Male,0,13,Yes,Fiber optic,66.44,738.54,Yes
CUST00779,Female,0,49,Yes,DSL,37.39,2223.82,No
CUST00780,Female,1,69,No,Fiber optic,34.79,2274.04,No
CUST00781,Female,0,21,No,DSL,40.46,660.94,No
CUST00782,Male,1,46,Yes,Fiber optic,21.35,696.98,Yes
CUST00783,Male,0,24,Yes,Fiber optic,66.72,1637.75,No
CUST00784,Female,1,39,No,Fiber optic,95.46,3693.57,Yes
CUST00785,Female,1,2,No,DSL,97.83,181.16,Yes
CUST00786,Male,0,46,Yes,DSL,79.56,3751.7,No
CUST00787,Male,0,68,Yes,DSL,24.5,2276.32,No
CUST00788,Female,0,6,No,Fiber optic,75.9,417.33,No
CUST00789,Female,0,10,Yes,DSL,97.58,908.73,Yes
CUST00790,Female,0,50,No,DSL,76.9,3727.09,No
CUST00791,Male,0,7,Yes,Fiber optic,87.78,585.02,No
CUST00792,Male,0,25,Yes,DSL,62.9,1346.76,No
CUST00793,Male,1,46,No,DSL,51.09,2582.23,Yes
CUST00794,Female,0,8,Yes,DSL,72.6,633.67,No
CUST00795,Female,0,18,Yes,DSL,30.18,574.5,No
CUST00796,Female,0,9,Yes,DSL,99.36,973.73,Yes
CUST00797,Male,1,53,No,DSL,31.73,1824.2,No
CUST00798,Female,0,6,No,Fiber optic,93.35,562.34,No
CUST00799,Male,0,61,Yes,Fiber optic,81.01,4969.58,No
CUST00800,Female,1,55,Yes,DSL,95.59,4735.42,No
CUST00801,Female,0,3,Yes,DSL,104.29,308.14,No
CUST00802,Male,0,58,No,DSL,96.72,6165.21,No
CUST00803,Female,1,67,No,No,26.15,1842.55,Yes
CUST00804,Male,1,30,Yes,DSL,96.2,2902.49,No
CUST00805,Male,0,51,Yes,DSL,98.48,5199.49,No
CUST00806,Male,0,4,Yes,Fiber optic,65.36,257.57,No
CUST00807,Female,0,49,Yes,DSL,69.62,3518.95,No
CUST00808,Female,1,50,Yes,DSL,46.19,2689.03,Yes
CUST00809,Male,0,8,Yes,Fiber optic,100.45,798.49,Yes
CUST00810,Female,0,14,No,DSL,36.88,376.41,No
CUST00811,Female,1,34,No,No,34.03,1401.13,Yes
CUST00812,Female,0,8,No,Fiber optic,107.76,925.32,Yes
CUST00813,Female,1,4,Yes,No,96.43,399.86,Yes
CUST00814,Male,0,33,Yes,Fiber optic,29.51,886.96,Yes
CUST00815,Female,1,12,Yes,Fiber optic,61.13,,Yes
CUST00816,Female,1,18,No,DSL,23.43,507.94,No
CUST00817,Female,1,33,Yes,DSL,73.93,2143.55,No
CUST00818,Female,0,36,No,Fiber optic,30.63,1285.45,Yes
CUST00819,Male,0,21,No,No,62.98,1160.97,No
CUST00820,Female,1,66,Yes,DSL,83.23,5678.38,No
CUST00821,Female,0,12,Yes,Fiber optic,69.26,769.86,No
CUST00822,Male,1,54,Yes,No,63.52,3203.76,No
CUST00823,Female,0,27,No,Fiber optic,94.56,2493.24,Yes
CUST00824,Female,1,68,Yes,No,38.6,2113.65,No
CUST00825,Female,1,2,Yes,No,66.51,116.58,No
CUST00826,Male,0,45,Yes,DSL,94.65,4493.25,No
CUST00827,Male,0,22,No,DSL,35.36,845.25,No
CUST00828,Female,1,46,Yes,No,91.59,3781.83,Yes
CUST00829,Male,1,0,Yes,Fiber optic,96.43,,Yes
CUST00830,Male,0,5,No,Fiber optic,85.01,405.56,No
CUST00831,Female,1,31,No,DSL,52.91,1372.04,No
CUST00832,Male,0,6,Yes,DSL,65.49,436.97,No
CUST00833,Male,0,9,No,Fiber optic,92.04,754.24,Yes
CUST00834,Male,0,11,Yes,Fiber optic,96.71,,Yes
CUST00835,Male,1,53,Yes,Fiber optic,97.55,4986.44,Yes
CUST00836,Female,0,23,No,DSL,63.31,1253.0,No
CUST00837,Female,1,40,Yes,DSL,23.89,956.52,No
CUST00838,Female,0,8,No,DSL,64.22,559.81,No
CUST00839,Female,1,56,No,Fiber optic,71.38,4018.88,No
CUST00840,Male,0,0,No,Fiber optic,88.32,,No
CUST00841,Female,0,58,Yes,Fiber optic,83.31,4752.35,No
CUST00842,Female,0,26,Yes,DSL,39.65,861.91,No
CUST00843,Male,0,10,No,Fiber optic,69.7,644.64,No
CUST00844,Male,0,23,No,Fiber optic,24.2,532.33,No
CUST00845,Female,0,21,Yes,Fiber optic,79.73,1615.47,No
CUST00846,Female,0,12,No,Fiber optic,97.47,1199.95,No
CUST00847,Male,1,52,No,No,84.83,,Yes
CUST00848,Female,1,67,Yes,DSL,78.3,5682.81,No
CUST00849,Male,0,2,No,Fiber optic,89.08,165.16,Yes
CUST00850,Female,0,16,No,Fiber optic,36.78,,No
CUST00851,Male,0,1,No,Fiber optic,106.26,99.22,No
CUST00852,Female,1,51,Yes,Fiber optic,67.56,3353.66,No
CUST00853,Male,0,61,No,No,69.65,3935.68,No
CUST00854,Male,0,72,Yes,DSL,64.54,4520.61,No
CUST00855,Male,0,12,Yes,DSL,81.5,922.15,No
CUST00856,Female,0,1,Yes,DSL,65.02,64.74,No
CUST00857,Male,1,7,Yes,DSL,102.18,742.83,Yes
CUST00858,Male,0,56,No,No,45.41,2327.32,No
CUST00859,Male,1,0,Yes,Fiber optic,104.7,,No
CUST00860,Male,0,6,No,DSL,79.99,505.57,No
CUST00861,Male,0,3,No,DSL,90.97,267.32,Yes
CUST00862,Male,0,2,No,DSL,70.59,126.86,No
CUST00863,Female,1,8,No,DSL,101.36,872.78,No
CUST00864,Male,1,13,Yes,Fiber optic,54.9,658.25,Yes
CUST00865,Female,1,51,No,DSL,53.66,2243.14,No
CUST00866,Female,0,2,No,DSL,74.09,151.87,No
CUST00867,Female,0,61,Yes,Fiber optic,95.21,6132.78,No
CUST00868,Male,0,63,Yes,DSL,80.68,4935.48,No
CUST00869,Male,0,54,Yes,DSL,90.88,5112.62,No
CUST00870,Male,0,21,No,Fiber optic,60.77,1271.19,No
CUST00871,Male,1,15,Yes,Fiber optic,49.84,609.54,No
CUST00872,Male,1,41,No,DSL,20.4,1230.82,Yes
CUST00873,Male,0,58,No,Fiber optic,69.08,4370.7,No
CUST00874,Female,0,62,Yes,Fiber optic,95.53,5378.86,No
CUST00875,Female,0,52,Yes,Fiber optic,35.33,2230.17,No
CUST00876,Female,0,16,Yes,Fiber optic,95.59,,No
CUST00877,Female,1,2,No,Fiber optic,108.98,235.93,Yes
CUST00878,Female,0,59,Yes,Fiber optic,53.51,2619.95,No
CUST00879,Female,0,11,Yes,Fiber optic,90.45,1035.52,Yes
CUST00880,Male,0,5,Yes,Fiber optic,79.05,444.93,Yes
CUST00881,Male,0,53,Yes,No,23.45,1384.32,No
CUST00882,Male,0,67,Yes,No,89.42,6274.89,No
CUST00883,Male,0,10,No,DSL,105.85,,Yes
CUST00884,Female,0,53,Yes,Fiber optic,52.65,3036.55,No
CUST00885,Female,0,2,No,DSL,73.06,165.33,Yes
CUST00886,Female,0,5,Yes,Fiber optic,67.25,357.48,Yes
CUST00887,Male,0,8,No,No,88.15,654.64,Yes
CUST00888,Female,0,10,No,DSL,105.02,1139.98,No
CUST00889,Male,0,4,Yes,DSL,61.66,270.92,No
CUST00890,Male,0,30,No,No,42.23,1405.1,No
CUST00891,Female,0,62,No,No,52.55,3812.4,No
CUST00892,Female,1,71,No,No,69.35,5201.73,No
CUST00893,Female,0,53,No,Fiber optic,44.23,1847.67,No
CUST00894,Male,0,61,No,No,35.56,2109.78,No
CUST00895,Male,0,23,No,DSL,77.37,1960.76,No
CUST00896,Female,1,0,No,Fiber optic,62.47,,Yes
CUST00897,Male,0,52,Yes,No,67.16,3782.46,No
CUST00898,Female,0,5,Yes,Fiber optic,83.25,417.64,Yes
CUST00899,Male,0,43,Yes,DSL,76.21,3427.64,No
CUST00900,Female,0,28,No,No,96.22,2938.65,No
CUST00901,Male,1,0,Yes,DSL,87.3,,Yes
CUST00902,Male,0,48,No,Fiber optic,32.01,1149.48,No
CUST00903,Male,0,45,Yes,Fiber optic,98.59,4725.03,No
CUST00904,Male,1,60,Yes,DSL,23.9,1673.97,No
CUST00905,Female,1,52,Yes,DSL,39.61,2037.45,No
CUST00906,Female,1,10,No,Fiber optic,105.18,1034.56,Yes
CUST00907,Female,0,41,No,Fiber optic,95.05,3825.24,Yes
CUST00908,Male,0,54,No,DSL,42.88,2648.11,No
CUST00909,Female,0,46,Yes,No,52.82,2506.47,No
CUST00910,Male,0,13,Yes,DSL,66.02,976.89,No
CUST00911,Male,0,0,Yes,No,102.6,,No
CUST00912,Male,1,55,No,DSL,82.43,4789.03,No
CUST00913,Male,1,10,Yes,Fiber optic,66.75,707.5,Yes
CUST00914,Male,1,64,Yes,Fiber optic,23.07,1136.43,Yes
CUST00915,Male,0,32,No,Fiber optic,35.69,1039.49,No
CUST00916,Male,0,28,Yes,DSL,92.89,2454.67,No
CUST00917,Female,0,3,Yes,Fiber optic,87.12,268.08,Yes
CUST00918,Female,0,12,No,DSL,95.39,1205.63,No
CUST00919,Male,1,43,No,DSL,86.16,3680.06,No
CUST00920,Female,1,7,No,DSL,66.97,,No
CUST00921,Female,0,28,No,Fiber optic,35.06,,No
CUST00922,Male,0,69,No,DSL,80.23,5642.18,No
CUST00923,Female,0,4,No,No,91.79,403.83,Yes
CUST00924,Male,1,52,Yes,Fiber optic,32.08,1357.09,Yes
CUST00925,Female,0,58,Yes,Fiber optic,87.98,5497.05,Yes
CUST00926,Female,0,45,Yes,No,89.44,3640.13,No
CUST00927,Male,0,1,No,DSL,69.45,66.31,No
CUST00928,Male,0,12,Yes,Fiber optic,32.44,277.34,Yes
CUST00929,Female,0,0,Yes,No,105.16,,Yes
CUST00930,Female,0,67,Yes,Fiber optic,33.0,1575.19,No
CUST00931,Male,1,62,Yes,DSL,84.6,4773.84,No
CUST00932,Female,0,0,Yes,DSL,102.4,,No
CUST00933,Female,0,14,No,DSL,35.75,625.07,No
CUST00934,Female,0,6,Yes,DSL,66.81,366.7,No
CUST00935,Male,0,63,Yes,DSL,98.34,5948.04,No
CUST00936,Male,0,2,Yes,No,63.37,130.49,No
CUST00937,Male,0,21,Yes,DSL,48.03,918.6,No
CUST00938,Male,0,6,No,DSL,67.64,401.41,No
CUST00939,Male,1,68,No,DSL,75.66,5312.83,Yes
CUST00940,Male,1,64,No,Fiber optic,27.47,1631.93,No
CUST00941,Female,0,0,Yes,DSL,102.87,,Yes
CUST00942,Male,0,5,Yes,No,64.38,342.82,No
CUST00943,Male,0,6,Yes,DSL,77.69,427.55,Yes
CUST00944,Female,0,26,Yes,DSL,72.74,2135.32,No
CUST00945,Female,0,40,No,Fiber optic,44.05,1634.47,No
CUST00946,Male,1,52,No,DSL,78.67,4121.23,No
CUST00947,Male,0,8,Yes,No,89.11,699.1,Yes
CUST00948,Female,1,20,Yes,DSL,85.86,,No
CUST00949,Female,0,0,Yes,DSL,105.12,,Yes
CUST00950,Male,1,59,Yes,No,56.34,3839.26,Yes
CUST00951,Male,0,48,Yes,No,34.1,1883.2,No
CUST00952,Female,1,41,Yes,DSL,26.47,1071.87,Yes
CUST00953,Male,0,51,No,DSL,43.94,2085.86,No
CUST00954,Female,0,33,No,DSL,61.82,1802.11,No
CUST00955,Male,0,7,Yes,No,96.4,736.47,Yes
CUST00956,Female,0,37,No,Fiber optic,99.67,3544.11,No
CUST00957,Male,0,4,No,Fiber optic,67.43,240.95,Yes
CUST00958,Female,0,11,Yes,No,101.56,1123.44,Yes
CUST00959,Female,1,49,Yes,DSL,24.86,1672.36,No
CUST00960,Male,0,43,Yes,Fiber optic,59.51,2970.59,No
CUST00961,Male,0,72,No,DSL,92.6,7185.61,No
CUST00962,Male,0,69,Yes,DSL,36.39,2236.83,No
CUST00963,Female,0,4,Yes,DSL,61.67,269.57,No
CUST00964,Female,0,12,No,DSL,24.85,323.46,No
CUST00965,Male,0,49,No,Fiber optic,96.76,5183.3,Yes
CUST00966,Male,0,21,Yes,DSL,28.74,619.52,No
CUST00967,Female,0,10,Yes,Fiber optic,62.35,620.8,Yes
CUST00968,Male,1,7,Yes,DSL,92.7,689.02,Yes
CUST00969,Female,0,60,No,No,27.79,1533.83,No
CUST00970,Male,0,10,Yes,Fiber optic,94.37,860.51,No
CUST00971,Female,0,40,No,Fiber optic,61.76,2071.21,No
CUST00972,Male,0,30,Yes,DSL,73.9,2342.05,No
CUST00973,Female,0,52,Yes,No,78.47,4231.7,No
CUST00974,Female,1,44,No,Fiber optic,85.75,4004.76,No
CUST00975,Female,1,33,Yes,Fiber optic,29.94,680.87,No
CUST00976,Female,0,1,No,DSL,91.01,92.05,Yes
CUST00977,Female,0,15,No,No,71.11,1111.68,No
CUST00978,Male,0,3,Yes,Fiber optic,66.29,179.7,No
CUST00979,Male,0,9,Yes,Fiber optic,96.26,907.41,No
CUST00980,Female,0,71,No,DSL,89.2,6458.37,No
CUST00981,Male,1,8,No,Fiber optic,64.39,531.81,Yes
CUST00982,Female,1,30,Yes,DSL,23.79,753.94,No
CUST00983,Female,0,10,Yes,DSL,71.7,760.43,Yes
CUST00984,Male,0,64,Yes,Fiber optic,35.65,2842.51,Yes
CUST00985,Male,1,14,No,Fiber optic,60.78,764.82,Yes
CUST00986,Male,0,17,Yes,DSL,75.14,1373.83,No
CUST00987,Female,0,43,No,Fiber optic,83.07,3884.61,Yes
CUST00988,Female,0,52,No,Fiber optic,25.49,1816.61,Yes
CUST00989,Male,0,11,No,Fiber optic,66.52,627.28,Yes
CUST00990,Female,0,0,Yes,No,69.64,,No
CUST00991,Female,0,28,Yes,Fiber optic,77.75,2140.04,No
CUST00992,Male,0,42,No,DSL,26.3,830.56,No
CUST00993,Female,0,5,No,No,109.93,598.06,Yes
CUST00994,Female,0,28,No,No,55.16,1337.94,No
CUST00995,Female,0,5,Yes,Fiber optic,77.36,380.54,Yes
CUST00996,Male,0,5,Yes,No,109.08,508.61,No
CUST00997,Female,0,60,Yes,Fiber optic,84.0,5024.52,No
CUST00998,Female,0,36,No,No,69.68,2463.01,No
CUST00999,Female,1,10,Yes,Fiber optic,109.77,1064.69,No
CUST01000,Female,0,44,No,DSL,64.83,3268.4,No
